file;f1;fitness;precision;generalisation;simplicity;method
base_event_log;0.22979374782683004;0.9257063430484206;0.13117849387174962;-1;-1;token based replay
sample 0.8;0.22707293897543676;0.8934846107135825;0.13006388871263663;-1;-1;token based replay
sample 0.7;0.2084900334096838;0.9176982290063416;0.11760414215109438;-1;-1;token based replay
sample 0.6;0.2084900334096838;0.9176982290063416;0.11760414215109438;-1;-1;token based replay
sample 0.5;0.2537004369104519;0.9181188430447786;0.14718588882315597;-1;-1;token based replay
sample 0.4;0.2537004369104519;0.9181188430447786;0.14718588882315597;-1;-1;token based replay
sample 0.3;0.2537004369104519;0.9181188430447786;0.14718588882315597;-1;-1;token based replay
sample 0.2;0.30227040209873574;0.9306167354527409;0.18043910112663697;-1;-1;token based replay
sample 0.1;0.31838036315879326;0.9311980021896623;0.19201564426868523;-1;-1;token based replay
sample 0.05;0.5417351345410044;0.9219433278292418;0.3835568170378044;-1;-1;token based replay
sample 0.01;0.9408107073292016;0.9238829204872041;0.9583703886425747;-1;-1;token based replay
sample 0.005;0.9408067861083775;0.9224607228834814;0.9598973965701895;-1;-1;token based replay
sample 0.001;0.9053823860762341;0.8623663800714451;0.9529150844050165;-1;-1;token based replay
