file;f1;fitness;precision;generalisation;simplicity;method
base_event_log;0.2121151335955872;1.0;0.11864026458379762;-1;-1;token based replay
sample 0.8;0.2121151335955872;1.0;0.11864026458379762;-1;-1;token based replay
sample 0.7;0.2121151335955872;1.0;0.11864026458379762;-1;-1;token based replay
sample 0.6;0.2121151335955872;1.0;0.11864026458379762;-1;-1;token based replay
sample 0.5;0.17638143421265098;0.9984624704498621;0.09673498155829807;-1;-1;token based replay
sample 0.4;0.17638143421265098;0.9984624704498621;0.09673498155829807;-1;-1;token based replay
sample 0.3;0.17638143421265098;0.9984624704498621;0.09673498155829807;-1;-1;token based replay
sample 0.2;0.37282402183672714;0.9977761895439741;0.2292404210578043;-1;-1;token based replay
sample 0.1;0.4681926700126546;0.9971247682777948;0.30591684873008995;-1;-1;token based replay
sample 0.05;0.5396783455978638;0.9951906916142756;0.3702224728790524;-1;-1;token based replay
sample 0.01;0.3206721178471466;0.9680830646945255;0.19216242486176327;-1;-1;token based replay
sample 0.005;0.32450745427897426;0.9568779401301644;0.19538419502640514;-1;-1;token based replay
sample 0.001;0.9053823860762341;0.8623663800714451;0.9529150844050165;-1;-1;token based replay
