file;f1;fitness;precision;generalisation;simplicity;method
base log;0.2121151335955872;1.0;0.11864026458379762;0.8616797985629043;0.5946547884187082;TBR
0.8;0.21119268338958808;1.0;0.11806340539224447;0.856336925886747;0.5946547884187082;TBR
0.7;0.20903780937446492;1.0;0.11671815880236625;0.8491523635554021;0.5946547884187082;TBR
0.6;0.20771516630414721;1.0;0.1158940601398829;0.8423196191432384;0.5946547884187082;TBR
0.5;0.20600325977382578;1.0;0.11482922747554958;0.8310768243120771;0.5946547884187082;TBR
0.4;0.20451568992164262;1.0;0.11390558456771882;0.8231787350339339;0.5946547884187082;TBR
0.3;0.2027191632205119;1.0;0.11279214637583312;0.8104527316798333;0.5946547884187082;TBR
0.2;0.20001899008361576;1.0;0.11112283350861984;0.7949687745324301;0.5946547884187082;TBR
0.1;0.1911688677479667;1.0;0.10568640949360342;0.7720787047497918;0.5946547884187082;TBR
0.05;0.1802491159338406;1.0;0.09905153365337638;0.7618037707499574;0.5946547884187082;TBR
0.01;0.17675881337133387;1.0;0.09694757592558367;0.6415314349803573;0.5946547884187082;TBR
0.005;0.17100932528798693;1.0;0.09349928769588367;0.5395474226904295;0.5946547884187082;TBR
0.001;0.12496015301243234;1.0;0.06664399863991843;0.2518025192221982;0.5946547884187082;TBR
