file;f1;fitness;precision;generalisation;simplicity;method
base log;0.2121151335955872;1.0;0.11864026458379762;0.8616797985629043;0.5946547884187082;TBR
0.8;0.20342046941975636;1.0;0.11322653183856402;0.7723607215199245;0.5946547884187082;TBR
0.7;0.20364381698545114;1.0;0.11336494338428305;0.7660177945419389;0.5946547884187082;TBR
0.6;0.20382682434657864;1.0;0.11347838121033593;0.7604724627621423;0.5946547884187082;TBR
0.5;0.1983866427726853;1.0;0.11011610342299116;0.734895473101391;0.5946547884187082;TBR
0.4;0.19865529876873683;1.0;0.11028166826313202;0.7305637556972302;0.5946547884187082;TBR
0.3;0.19480042482989968;1.0;0.10791074156526104;0.6980630258892124;0.5946547884187082;TBR
0.2;0.19163876439285002;1.0;0.10597371842496284;0.667305116273051;0.5946547884187082;TBR
0.1;0.1777872963674299;1.0;0.09756670887707675;0.6046788942617309;0.5946547884187082;TBR
0.05;0.13393108919976865;1.0;0.07177178100155723;0.5564281733900824;0.5946547884187082;TBR
0.01;0.13023094287202636;1.0;0.06965081723625555;0.4779407067392777;0.5946547884187082;TBR
0.005;0.1652082604130206;1.0;0.0900419687142312;0.4246281859661132;0.5946547884187082;TBR
0.001;0.0799445471349353;1.0;0.04163658243080626;0.2933209417079714;0.5946547884187082;TBR
