file;f1;fitness;precision;generalisation;simplicity;method
base log;0.2121151335955872;1.0;0.11864026458379762;0.8616797985629043;0.5946547884187082;TBR
0.8;0.2093407720830995;1.0;0.11690709701735302;0.8493218764623689;0.5946547884187082;TBR
0.7;0.20979046298114346;1.0;0.11718765800482589;0.8369415227588745;0.5946547884187082;TBR
0.6;0.20779998653795567;1.0;0.11594687254607394;0.827149766664534;0.5946547884187082;TBR
0.5;0.2034572790797407;1.0;0.11324934092049976;0.8266152891479969;0.5946547884187082;TBR
0.4;0.20272159681639673;1.0;0.11279365314650558;0.8045612943292164;0.5946547884187082;TBR
0.3;0.1946457882992029;1.0;0.10781584413611;0.796580943055354;0.5946547884187082;TBR
0.2;0.19269958810905663;1.0;0.1066228872860372;0.7832359396045159;0.5946547884187082;TBR
0.1;0.19030140051623798;1.0;0.10515640591782727;0.7181576227029567;0.5946547884187082;TBR
0.05;0.1779530992923266;1.0;0.09766658543378359;0.6563006187341422;0.5946547884187082;TBR
0.01;0.13723356589643476;1.0;0.07367191258332761;0.5388201164115616;0.5946547884187082;TBR
0.005;0.11758028977765907;1.0;0.06246231334019081;0.48962760307286457;0.5946547884187082;TBR
0.001;0.1141678129298487;1.0;0.06053975200583517;0.3080888583904724;0.5946547884187082;TBR
