file;f1;fitness;precision;generalisation;simplicity;method
base log;0.2121151335955872;1.0;0.11864026458379762;0.8616797985629043;0.5946547884187082;TBR
0.8;0.21117636283934751;1.0;0.11805320460464264;0.8563901945752983;0.5946547884187082;TBR
0.7;0.20954567927692444;1.0;0.11703492060735698;0.8497287163219988;0.5946547884187082;TBR
0.6;0.2081824582333862;1.0;0.11618507653861454;0.8400267294804433;0.5946547884187082;TBR
0.5;0.20358384645460065;1.0;0.11332777544490924;0.8199721024169936;0.5946547884187082;TBR
0.4;0.20510288778131375;1.0;0.11426999708511676;0.8063351615759565;0.5946547884187082;TBR
0.3;0.20015753047197024;1.0;0.11120836065417283;0.7861854771874681;0.5946547884187082;TBR
0.2;0.19679077305855633;1.0;0.10913363248054564;0.7493355622786937;0.5946547884187082;TBR
0.1;0.18980878837626106;1.0;0.10485565677119979;0.6943454117618959;0.5946547884187082;TBR
0.05;0.1840126264970755;1.0;0.10132924335378324;0.626106135254211;0.5946547884187082;TBR
0.01;0.1308196721311475;1.0;0.06998772145237675;0.49943232353360034;0.5946547884187082;TBR
0.005;0.13021016201033261;1.0;0.06963892912709913;0.43635017954972555;0.5946547884187082;TBR
0.001;0.08298956563940789;1.0;0.043291139240506316;0.2853161974129055;0.5946547884187082;TBR
