file;f1;fitness;precision;generalisation;simplicity;method
base log;0.2121151335955872;1.0;0.11864026458379762;0.8616797985629043;0.5946547884187082;TBR
0.8;0.20976806425886618;1.0;0.117173680164534;0.8591528326023056;0.5946547884187082;TBR
0.7;0.20867746230984452;1.0;0.11649351689558174;0.8574825506062789;0.5946547884187082;TBR
0.6;0.20680725254710666;1.0;0.1153290703639428;0.8556251111687138;0.5946547884187082;TBR
0.5;0.2018402270007976;1.0;0.11224821622171122;0.7587816101860523;0.5946547884187082;TBR
0.4;0.20180311600417675;1.0;0.11222526176096159;0.7506243381434166;0.5946547884187082;TBR
0.3;0.2010800031838728;1.0;0.111778179985636;0.7399091624146119;0.5946547884187082;TBR
0.2;0.19350883792934526;1.0;0.10711861867485672;0.7040131626237838;0.5946547884187082;TBR
0.1;0.1828440856120039;1.0;0.10062102220523239;0.6310918955679122;0.5946547884187082;TBR
0.05;0.17635540886557574;1.0;0.09670492250678697;0.5647350155289858;0.5946547884187082;TBR
0.01;0.12388778139738413;1.0;0.06603431296325091;0.4375285574112848;0.5946547884187082;TBR
0.005;0.12112051592099962;1.0;0.06446422825270837;0.3686654556014002;0.5946547884187082;TBR
0.001;0.07156308851224105;1.0;0.037109375;0.026307774144921026;0.5946547884187082;TBR
