file;f1;fitness;precision;generalisation;simplicity;method
base_event_log;0.49443673344523115;1.0;0.3284064804374959;-1;-1;token based replay
sample 0.8;0.6302189267091819;0.9999670670373977;0.46009430890739944;-1;-1;token based replay
sample 0.7;0.6302189267091819;0.9999670670373977;0.46009430890739944;-1;-1;token based replay
sample 0.6;0.6302189267091819;0.9999670670373977;0.46009430890739944;-1;-1;token based replay
sample 0.5;0.6302189267091819;0.9999670670373977;0.46009430890739944;-1;-1;token based replay
sample 0.4;0.6302189275706632;0.9999670713751464;0.46009430890739944;-1;-1;token based replay
sample 0.3;0.8349173611181965;0.999866037704235;0.7166852405194567;-1;-1;token based replay
sample 0.2;0.8388353047094477;0.9997938554748806;0.7225161704556264;-1;-1;token based replay
sample 0.1;0.38718844142771297;0.9992849192536623;0.24011172719832996;-1;-1;token based replay
sample 0.05;0.4174587731448671;0.9990379613519731;0.26385716603637;-1;-1;token based replay
sample 0.01;0.8195209462992011;0.993502486572589;0.697393779464524;-1;-1;token based replay
sample 0.005;0.9857783777884679;0.989532315375012;0.9820528147965821;-1;-1;token based replay
sample 0.001;0.9675003529141422;0.9768983442160876;0.9582814604029574;-1;-1;token based replay
