file;f1;fitness;precision;generalisation;simplicity;method
base_event_log;0.49443673344523115;1.0;0.3284064804374959;-1;-1;token based replay
sample 0.8;0.30254336154975625;0.9999960967689053;0.17823346126949946;-1;-1;token based replay
sample 0.7;0.3666551884797044;0.9999883444449624;0.22448177827689664;-1;-1;token based replay
sample 0.6;0.5997458102543954;0.999971886872776;0.4283172559605837;-1;-1;token based replay
sample 0.5;0.5476261080080513;0.9999961345336895;0.3770564241033775;-1;-1;token based replay
sample 0.4;0.35831518692290104;0.9999119746163873;0.2182648392244667;-1;-1;token based replay
sample 0.3;0.48730496102407544;0.9999885624092141;0.3221447443093106;-1;-1;token based replay
sample 0.2;0.6269986854279996;0.9999716601485008;0.45666875448199484;-1;-1;token based replay
sample 0.1;0.4384811225708698;0.9995990629543418;0.2808358711461665;-1;-1;token based replay
sample 0.05;0.3916352346510336;0.999865398218027;0.24350699619859728;-1;-1;token based replay
sample 0.01;0.45475837274792535;0.9991500925784149;0.29436965463396847;-1;-1;token based replay
sample 0.005;0.7759645100459875;0.9974693899777022;0.6349607744693696;-1;-1;token based replay
sample 0.001;0.9675003529141422;0.9768983442160876;0.9582814604029574;-1;-1;token based replay
