file;f1;fitness;precision;generalisation;simplicity;method
base_event_log;0.39333299152062096;0.9673698139643496;0.24685144973815298;-1;-1;token based replay
sample 0.8;0.39333299152062096;0.9673698139643496;0.24685144973815298;-1;-1;token based replay
sample 0.7;0.39333299152062096;0.9673698139643496;0.24685144973815298;-1;-1;token based replay
sample 0.6;0.39333299152062096;0.9673698139643496;0.24685144973815298;-1;-1;token based replay
sample 0.5;0.5016996693551534;0.9711505190311419;0.3382100731510973;-1;-1;token based replay
sample 0.4;0.5523696867294634;0.9717661655653981;0.38584573457882354;-1;-1;token based replay
sample 0.3;0.5523696867294634;0.9717661655653981;0.38584573457882354;-1;-1;token based replay
sample 0.2;0.5523696867294634;0.9717661655653981;0.38584573457882354;-1;-1;token based replay
sample 0.1;0.5523177494751551;0.9714447476917717;0.38584573457882354;-1;-1;token based replay
sample 0.05;0.5518781088405993;0.9687300808123731;0.38584573457882354;-1;-1;token based replay
sample 0.01;0.6826206800759224;0.9694772227795178;0.5267590661924035;-1;-1;token based replay
sample 0.005;0.7986440564353355;0.963624518160595;0.68189757070021;-1;-1;token based replay
sample 0.001;0.9584459028189413;0.9541519485783775;0.9627786797953874;-1;-1;token based replay
