file;f1;fitness;precision;generalisation;simplicity;method
base_event_log;0.2475073292170389;0.9254385360607364;0.1428571428571429;-1;-1;token based replay
sample 0.8;0.2475073292170389;0.9254385360607364;0.1428571428571429;-1;-1;token based replay
sample 0.7;0.2475073292170389;0.9254385360607364;0.1428571428571429;-1;-1;token based replay
sample 0.6;0.2474631416925153;0.924204446395764;0.1428571428571429;-1;-1;token based replay
sample 0.5;0.2474631416925153;0.924204446395764;0.1428571428571429;-1;-1;token based replay
sample 0.4;0.24745590389788188;0.9240025776214587;0.1428571428571429;-1;-1;token based replay
sample 0.3;0.24745590389788188;0.9240025776214587;0.1428571428571429;-1;-1;token based replay
sample 0.2;0.24745590389788188;0.9240025776214587;0.1428571428571429;-1;-1;token based replay
sample 0.1;0.24743475681486812;0.9234132033077791;0.1428571428571429;-1;-1;token based replay
sample 0.05;0.24743475681486812;0.9234132033077791;0.1428571428571429;-1;-1;token based replay
sample 0.01;0.47349023416738684;0.977831300669643;0.3123749853829063;-1;-1;token based replay
sample 0.005;0.4250969248310232;0.8758653732538006;0.28065595091313544;-1;-1;token based replay
sample 0.001;0.6073673057310561;0.8333295144696744;0.47780709591185166;-1;-1;token based replay
