file;f1;fitness;precision;generalisation;simplicity;method
base_event_log;0.9097809588881742;0.9297546424751609;0.8906474061577394;-1;-1;token based replay
sample 0.8;0.9472038140689016;0.92875619669229;0.9663991220519883;-1;-1;token based replay
sample 0.7;0.9472038140689016;0.92875619669229;0.9663991220519883;-1;-1;token based replay
sample 0.6;0.9472038140689016;0.92875619669229;0.9663991220519883;-1;-1;token based replay
sample 0.5;0.7824519474448702;0.9287569437080574;0.6759681952155734;-1;-1;token based replay
sample 0.4;0.7823938253089968;0.9282593415006704;0.676145209632175;-1;-1;token based replay
sample 0.3;0.7817988518071899;0.9265860859285374;0.676145209632175;-1;-1;token based replay
sample 0.2;0.9499667955200913;0.9158993255217527;0.9866664963792641;-1;-1;token based replay
sample 0.1;0.7632773766462894;0.9145670256042768;0.6549363875373968;-1;-1;token based replay
sample 0.05;0.9479705751275743;0.9127800569695477;0.9859833068910809;-1;-1;token based replay
sample 0.01;0.9149335740522254;0.870827168918572;0.9637462235649547;-1;-1;token based replay
sample 0.005;0.9527633172996709;0.9386845900288422;0.9672707906331197;-1;-1;token based replay
sample 0.001;0.3590927243813709;0.9531781600019847;0.22121592162077997;-1;-1;token based replay
