file;f1;fitness;precision;generalisation;simplicity;method
base_event_log;0.9124050526183081;0.9375704546963165;0.8885552709304442;-1;-1;token based replay
sample 0.8;0.912380036027528;0.9375176250115966;0.8885552709304442;-1;-1;token based replay
sample 0.7;0.9259383830310696;0.9310553728179516;0.9208773307734823;-1;-1;token based replay
sample 0.6;0.9546862249791819;0.9373624420879019;0.9726624010077811;-1;-1;token based replay
sample 0.5;0.9469667254304666;0.9294555280333247;0.9651504244792559;-1;-1;token based replay
sample 0.4;0.9524330710607843;0.9313852449222504;0.974454186830211;-1;-1;token based replay
sample 0.3;0.9466319088938826;0.929050728267865;0.9648913303080965;-1;-1;token based replay
sample 0.2;0.9464506902845643;0.9284617961621524;0.9651504244792559;-1;-1;token based replay
sample 0.1;0.9466791423184535;0.9289015989443429;0.9651504244792559;-1;-1;token based replay
sample 0.05;0.9409537021572735;0.9197797081804373;0.9631255487269534;-1;-1;token based replay
sample 0.01;0.9450058483845146;0.9262444895339654;0.9645429540760084;-1;-1;token based replay
sample 0.005;0.9474799233026561;0.9137746048228852;0.9837669669066914;-1;-1;token based replay
sample 0.001;0.9822677938348232;0.9787057979809124;0.9858558121367784;-1;-1;token based replay
