file;f1;fitness;precision;generalisation;simplicity;method
base_event_log;0.9258542906562569;0.9311004951231698;0.9206668735195513;-1;-1;token based replay
sample 0.8;0.9258542906562569;0.9311004951231698;0.9206668735195513;-1;-1;token based replay
sample 0.7;0.9097809588881742;0.9297546424751609;0.8906474061577394;-1;-1;token based replay
sample 0.6;0.9097809588881742;0.9297546424751609;0.8906474061577394;-1;-1;token based replay
sample 0.5;0.9464506902845643;0.9284617961621524;0.9651504244792559;-1;-1;token based replay
sample 0.4;0.9464506902845643;0.9284617961621524;0.9651504244792559;-1;-1;token based replay
sample 0.3;0.9464506902845643;0.9284617961621524;0.9651504244792559;-1;-1;token based replay
sample 0.2;0.9465426914453265;0.9286388869654174;0.9651504244792559;-1;-1;token based replay
sample 0.1;0.9470741628521191;0.9282587640263786;0.966668102148917;-1;-1;token based replay
sample 0.05;0.7817327846932327;0.9264004993642179;0.676145209632175;-1;-1;token based replay
sample 0.01;0.9479705751275743;0.9127800569695477;0.9859833068910809;-1;-1;token based replay
sample 0.005;0.9479705751275743;0.9127800569695477;0.9859833068910809;-1;-1;token based replay
sample 0.001;0.955813690896942;0.9460677720395034;0.9657624949782017;-1;-1;token based replay
