file;f1;fitness;precision;generalisation;simplicity;method
base_event_log;0.9327111643220379;0.9063480424056386;0.9606538910271024;-1;-1;token based replay
sample 0.8;0.932193725827386;0.9108818122929865;0.9545268017440369;-1;-1;token based replay
sample 0.7;0.9276504825250901;0.9089050856963901;0.9471853779272704;-1;-1;token based replay
sample 0.6;0.9276504825250901;0.9089050856963901;0.9471853779272704;-1;-1;token based replay
sample 0.5;0.9299377947349072;0.9081167582058696;0.9528333205648766;-1;-1;token based replay
sample 0.4;0.9285279813076223;0.9046590986608304;0.9536905285488837;-1;-1;token based replay
sample 0.3;0.9255784553964987;0.8889030547129584;0.9654104891907779;-1;-1;token based replay
sample 0.2;0.9204652634411497;0.8884267195545517;0.9549010106603905;-1;-1;token based replay
sample 0.1;0.8951806215505047;0.900658737573192;0.889768742222725;-1;-1;token based replay
sample 0.05;0.9359659896634716;0.9301505555496168;0.9418545991293137;-1;-1;token based replay
sample 0.01;0.9600058593064101;0.9344776005860593;0.9869680637116885;-1;-1;token based replay
sample 0.005;0.9551194752181829;0.9495156482861401;0.9607898398830389;-1;-1;token based replay
sample 0.001;0.9368571628035522;0.9210900099952654;0.9531735188175382;-1;-1;token based replay
