file;f1;fitness;precision;generalisation;simplicity;method
base_event_log;0.23909310418732002;0.9865754284763762;0.13602971488877524;-1;-1;token based replay
sample 0.8;0.2530229414403088;0.9704063234024602;0.1454772840236772;-1;-1;token based replay
sample 0.7;0.23747864866487112;0.9781944468006704;0.13514393554986937;-1;-1;token based replay
sample 0.6;0.20164853447320283;0.9954369501661285;0.11218732195041259;-1;-1;token based replay
sample 0.5;0.21028220996112384;0.962593529779382;0.11803354266785082;-1;-1;token based replay
sample 0.4;0.2556638657733023;0.9544337223784738;0.1476008267763963;-1;-1;token based replay
sample 0.3;0.20820535846402097;0.9714742539611194;0.11659717194889196;-1;-1;token based replay
sample 0.2;0.21898736407851493;0.9965357745388459;0.12300923728504143;-1;-1;token based replay
sample 0.1;0.2875104630612876;0.9976218783846191;0.1679575664837306;-1;-1;token based replay
sample 0.05;0.2489393158855399;0.9980547075790164;0.1422042743431321;-1;-1;token based replay
sample 0.01;0.6758960732065646;0.9782605918783128;0.5163122971556275;-1;-1;token based replay
sample 0.005;0.7032411181228226;0.9676075924941805;0.5523342280905398;-1;-1;token based replay
sample 0.001;0.8938489823718226;0.8248590604026845;0.975432643366135;-1;-1;token based replay
