file;f1;fitness;precision;generalisation;simplicity;method
base_event_log;0.9396561550547776;0.9007229586522318;0.9821071323559086;-1;-1;token based replay
sample 0.8;0.931874057347569;0.8992491587758373;0.9669553468967818;-1;-1;token based replay
sample 0.7;0.9382941670283044;0.9008890604448305;0.9789399638232508;-1;-1;token based replay
sample 0.6;0.9365226299643686;0.9011373110520414;0.9748005111945313;-1;-1;token based replay
sample 0.5;0.9325497088421109;0.8996196984238742;0.9679820810656216;-1;-1;token based replay
sample 0.4;0.9373112129477797;0.9011038088645216;0.9765501387328304;-1;-1;token based replay
sample 0.3;0.9373568150670746;0.9011881067236586;0.9765501387328304;-1;-1;token based replay
sample 0.2;0.9283717578095425;0.898965460212523;0.9597669490334512;-1;-1;token based replay
sample 0.1;0.9205261630448732;0.8972011337514104;0.9450963505221229;-1;-1;token based replay
sample 0.05;0.9284808806980968;0.9123102468151312;0.9452351053439375;-1;-1;token based replay
sample 0.01;0.9156873213547578;0.8986178975912491;0.9334177756486767;-1;-1;token based replay
sample 0.005;0.9242015758717012;0.8986212137731983;0.9512809627268011;-1;-1;token based replay
sample 0.001;0.8901356416808353;0.9297716965409198;0.853740775768541;-1;-1;token based replay
