file;f1;fitness;precision;generalisation;simplicity;method
base_event_log;0.2761987950631567;0.9614962220352306;0.16126130808434402;-1;-1;token based replay
sample 0.8;0.2761987950631567;0.9614962220352306;0.16126130808434402;-1;-1;token based replay
sample 0.7;0.2761987950631567;0.9614962220352306;0.16126130808434402;-1;-1;token based replay
sample 0.6;0.21180350522617739;0.9643047309524306;0.1189669230394782;-1;-1;token based replay
sample 0.5;0.34973630670027483;0.9487316911011459;0.21438270541826443;-1;-1;token based replay
sample 0.4;0.34973630670027483;0.9487316911011459;0.21438270541826443;-1;-1;token based replay
sample 0.3;0.34973630670027483;0.9487316911011459;0.21438270541826443;-1;-1;token based replay
sample 0.2;0.37558807048762927;0.9452555006864627;0.23435297095488195;-1;-1;token based replay
sample 0.1;0.48798996685465795;0.9388204550870648;0.32967628666955784;-1;-1;token based replay
sample 0.05;0.48660731188800815;0.934580965889017;0.3289374068918358;-1;-1;token based replay
sample 0.01;0.9542247858215246;0.946677141878689;0.9618937483454781;-1;-1;token based replay
sample 0.005;0.9445166238020988;0.9387317859816852;0.9503732006397725;-1;-1;token based replay
sample 0.001;0.9304058674559612;0.8993115318416524;0.9637274284961118;-1;-1;token based replay
